pillar,title,target_keyword,intent,h2_outline,cta,affiliate_angles
AI Tools & Automations,ChatGPT for Cybersecurity: 10 Practical Use Cases,chatgpt cybersecurity,informational,Introduction|What is ChatGPT|Threat Intelligence Analysis|Incident Response Automation|Security Policy Generation|Phishing Email Detection|Code Security Review|Security Documentation|Best Practices|Limitations|Conclusion,Download ChatGPT Security Prompts Cheat Sheet,"OpenAI Plus subscription, Jasper AI, Grammarly"
AI Tools & Automations,Make.com Security Automation: Build a Threat Alert System in 15 Minutes,make.com security automation,how-to,Introduction|Why Automate Security Alerts|Prerequisites|Step 1: RSS Feed Setup|Step 2: Filter Configuration|Step 3: Notification Setup|Step 4: Testing|Advanced Customization|Conclusion,Get Make.com automation template,"Make.com Pro plan, StackSocial automation bundles"
AI Tools & Automations,AI-Powered Vulnerability Scanning Tools: Complete 2025 Guide,ai vulnerability scanning,commercial,Introduction|Traditional vs AI Scanning|Top 10 AI Scanners|Feature Comparison|Pricing Guide|Integration Options|Getting Started|Best Practices|Conclusion,Compare AI scanning tools,"Security tool subscriptions, Amazon security books"
AI Tools & Automations,Automated Security Reporting with Python: A Beginner's Guide,python security reporting,how-to,Introduction|Why Automate Reports|Setup Environment|Data Collection Scripts|Report Generation|Email Automation|Scheduling with Cron|Real-World Examples|Conclusion,Download Python security scripts,"Python courses, hosting for scripts"
AI Tools & Automations,No-Code Security Dashboards: Visualize Threats Without Programming,no-code security dashboard,commercial,Introduction|Best No-Code Tools|Google Sheets Dashboard|Power BI Security Metrics|Tableau Integration|Live Demo Setup|Customization Tips|Conclusion,Access free dashboard templates,"StackSocial no-code tools, AppSumo deals"
AI Tools & Automations,Zapier vs Make.com for Security Workflows: Which Should You Choose?,zapier vs make.com security,commercial comparison,Introduction|Feature Comparison|Pricing Analysis|Security Capabilities|Integration Options|Ease of Use|Real Use Cases|Verdict|Conclusion,Get automation starter pack,"Make.com, Zapier plans, automation courses"
AI Tools & Automations,AI Writing Tools for Security Documentation: Save 10 Hours Per Week,ai security documentation,commercial,Introduction|Documentation Challenges|Best AI Writing Tools|Grammarly for Security|Jasper Templates|ChatGPT Prompts|Workflow Integration|ROI Calculation|Conclusion,Try AI writing tools free,"Grammarly Business, Jasper AI, Copy.ai"
AI Tools & Automations,Automated Threat Intelligence Feeds: Setup Guide for SOC Teams,threat intelligence automation,how-to,Introduction|What Are Threat Feeds|Popular Feed Sources|Integration Methods|Python Scripts|SIEM Integration|False Positive Filtering|Monitoring Setup|Conclusion,Download threat feed scripts,"Security platforms, threat intel subscriptions"
AI Tools & Automations,Build a Personal Security Lab with Free AI Tools,security lab ai tools,informational,Introduction|Lab Architecture|Virtual Machine Setup|Free AI Security Tools|Network Simulation|Attack Scenarios|Learning Path|Resources|Conclusion,Get security lab checklist,"VPS hosting, online courses, security certifications"
AI Tools & Automations,Email Security Automation: Filter Phishing with AI and Make.com,email security automation,how-to,Introduction|Phishing Threats|Make.com Email Module|AI Detection Logic|Rule Configuration|Alert System|Testing Examples|Maintenance Tips|Conclusion,Get Make.com phishing filter template,"Make.com, email security tools"
Security Awareness,Social Engineering Red Flags: 15 Warning Signs Everyone Misses,social engineering warning signs,informational,Introduction|What is Social Engineering|Psychological Tactics|15 Red Flags|Real-World Examples|How to Respond|Training Your Team|Conclusion,Download social engineering checklist,"Security awareness training, anti-phishing tools"
Security Awareness,Password Manager Comparison 2025: Which One Protects You Best?,best password manager 2025,commercial comparison,Introduction|Why You Need One|Top 10 Password Managers|Security Features|Pricing Breakdown|Family Plans|Business Options|Migration Guide|Conclusion,Compare password managers,"1Password, LastPass, Bitwarden, Dashlane"
Security Awareness,Zero Trust Security Explained for Non-Technical Users,zero trust security explained,informational,Introduction|Traditional Security Model|What is Zero Trust|Core Principles|Real-World Benefits|Implementation Basics|Small Business Guide|Conclusion,Get zero trust implementation guide,"Security platforms, VPN services"
Security Awareness,Ransomware Prevention Checklist: 20 Steps to Protect Your Data,ransomware prevention checklist,informational,Introduction|Ransomware Landscape|Backup Strategy|Access Controls|Email Security|Software Updates|Network Segmentation|Incident Response Plan|Conclusion,Download ransomware defense kit,"Backup software, security tools, cyber insurance"
Security Awareness,Home Network Security: Secure Your WiFi in 30 Minutes,home network security,how-to,Introduction|Common Vulnerabilities|Router Configuration|Strong WiFi Passwords|Guest Network Setup|IoT Device Security|Network Monitoring|Regular Maintenance|Conclusion,Get home security setup guide,"Routers, security cameras, network tools"
Security Awareness,Cloud Storage Security: Google Drive vs OneDrive vs Dropbox,cloud storage security comparison,commercial comparison,Introduction|Security Comparison|Encryption Methods|Privacy Policies|Compliance Certifications|Sharing Controls|Pricing vs Security|Best Choice By Use Case|Conclusion,Compare cloud storage plans,Cloud storage subscriptions
Security Awareness,Mobile Device Security: Protect Your Phone from Hackers,mobile device security,informational,Introduction|Mobile Threat Landscape|OS Updates|App Permissions|Public WiFi Risks|VPN Usage|Biometric Security|Lost Device Procedures|Conclusion,Download mobile security checklist,"VPN services, mobile security apps"
Security Awareness,Data Breach Response: What to Do When Your Info Is Compromised,data breach response guide,informational,Introduction|Detecting a Breach|Immediate Actions|Password Changes|Credit Monitoring|Identity Theft Protection|Legal Rights|Prevention for Future|Conclusion,Get breach response checklist,"Identity theft protection, credit monitoring services"
Security Awareness,Business Email Compromise: How to Protect Your Company,business email compromise prevention,informational,Introduction|What is BEC|Attack Methods|Warning Signs|Email Authentication|Employee Training|Technical Controls|Incident Response|Conclusion,Download BEC prevention guide,"Email security gateways, training platforms"
How-To Workflows,Build a Security News Aggregator with Python and RSS Feeds,python rss security aggregator,how-to,Introduction|Project Overview|Required Libraries|RSS Feed Parser|Content Filtering|Summary Generation|Email Notifications|Scheduling with Cron|Conclusion,Download complete Python script,"Python courses, hosting services"
How-To Workflows,Automate Your Security Patching with These 5 Scripts,automate security patching,how-to,Introduction|Patching Challenges|Script 1: Windows Updates|Script 2: Linux Updates|Script 3: Application Updates|Script 4: Verification|Script 5: Reporting|Conclusion,Download all patching scripts,"Patch management tools, hosting"
How-To Workflows,Set Up Automated Security Alerts with Google Sheets and Make.com,google sheets security alerts,how-to,Introduction|Use Case Overview|Google Sheets Setup|Make.com Configuration|Trigger Logic|Alert Formatting|Testing Workflow|Advanced Tips|Conclusion,Get Make.com template,"Make.com Pro, Google Workspace"
How-To Workflows,Log Analysis Automation: Parse Security Logs with Python,python log analysis automation,how-to,Introduction|Log Analysis Basics|Python Setup|Parsing Common Formats|Pattern Detection|Alert Generation|Visualization|Full Script Walkthrough|Conclusion,Download log analysis script,"Python books, SIEM platforms"
How-To Workflows,Create a Custom Phishing Simulation for Your Team (No-Code),no-code phishing simulation,how-to,Introduction|Why Phishing Simulations|Tool Selection|Campaign Design|Email Templates|Tracking Setup|Results Analysis|Employee Training|Conclusion,Access phishing templates,"Security awareness platforms, email tools"
How-To Workflows,WordPress Security Hardening: Step-by-Step Automation Guide,wordpress security automation,how-to,Introduction|Common WP Vulnerabilities|Automated Scanning|Plugin Security|Update Automation|Backup Scripts|Monitoring Setup|Incident Response|Conclusion,Download WordPress security scripts,"WordPress hosting, security plugins, Namecheap"
